1301,Vinson 1
1302,Vinson 2
1303,Vinson 3
1401,Warren 1
1402,Warren 2
1403,Warren 3
1404,Warren 4
1405,Warren 5
1406,Warren 6
1407,Warren 7
1408,Warren 8
1409,Warren 9
1410,Warren 10
1411,Warren 11
1501,Burger 1
1502,Burger 2
1503,Burger 3
1504,Burger 4
1505,Burger 5
1506,Burger 6
1507,Burger 7
1601,Rehnquist 1
1602,Rehnquist 2
1603,Rehnquist 3
1604,Rehnquist 4
1605,Rehnquist 5
1606,Rehnquist 6
1607,Rehnquist 7
1701,Roberts 1
1702,Roberts 2
1703,Roberts 3
1704,Roberts 4
1705,Roberts 5
1706,Roberts 6
1707,Roberts 7